mass;r_x;r_y;v_x;v_y
1.5457262375563082E34;3.0167884495821855E15;2.350396789217102E15;1616572.8534966372;-2053523.4675262002
1.9931794876526534E34;4.506455265132264E15;2.82947165581798E15;1580123.6053798157;-2495440.8005133765
6.539838096054128E34;3.6536569442371775E15;8.439834173718689E14;180450.18955449393;-760545.1779925905
7.6636299542943045E34;2.869627559494903E15;2.438872661853095E15;1688351.5379015594;-1966646.7742299535
8.233853924049218E34;4.200751430067131E15;1.1159290617679084E14;87746.20472801989;-2752750.4634566577
6.084526936448701E34;6.337581613661871E15;5.303189866736579E14;171571.59694527747;-1967029.586422478
7.357674509948393E34;3.1717475319243965E15;7.418468664369988E14;615608.3772948361;-2553170.5967072197
5.343414511824882E34;3.633565920593273E15;3.12712890687329E15;1715760.9641468008;-1977999.890097346
3.8483817238864507E34;3.593874907257682E15;9.704541291317584E14;911997.1795437228;-3299162.8099739626
9.938414013920966E34;3.840396204545561E15;1.0469430039532265E15;920582.3678759716;-3304235.3572378275
8.049437539352992E34;3.399895031233333E15;2.897722158259196E15;2684706.2134219157;-3123357.350803198
2.235559228593521E34;4.872710384955767E15;4.1290544195562805E15;1833126.2156633344;-2150433.114440215
5.322487774044493E34;3.7181400478895955E15;6.062742428307416E14;604029.7714249397;-3570663.0412457287
1.7921378958611107E33;5.249424234937583E15;8.053443567099935E14;524203.100842381;-3323326.905757554
4.007675358077091E34;4.878778651333622E15;2.492174474535801E15;1206385.202188846;-2339421.982197696
3.3826978389656576E34;3.4854246238932595E15;2.0895745186181998E15;620687.2211903561;-1023574.8316412356
6.232035557500905E34;2.96522679870508E15;7.188130400903411E14;915086.9887475591;-3658166.2774016503
3.1199755129396844E33;4.0124415856228055E15;1.1459068381511827E14;100535.06009307082;-2946467.848041428
6.250829050023955E34;3.773650351608703E15;1.941896664706808E14;185449.80769115096;-3231356.957704651
8.968248121302799E34;4.56982026279358E15;5.996756970340858E13;44906.755314772716;-2495410.909650146
4.436088761207843E34;3.779515763319115E15;3.686239662002379E15;2513287.333025667;-2559500.215577787
5.693452466175302E34;5.084599663722402E15;1.1896248705502438E15;584516.0078735386;-2451103.8369163643
9.633874050061884E34;6.578381979200424E15;3.235428340324553E15;1018816.0687492442;-2056465.7388636079
5.275200232984553E34;3.709402974870114E15;5.401098711226245E14;423089.3929931416;-2788755.5614827406
9.227128869402263E34;4.773164983313486E15;8.233540100479029E14;1758406.3771999099;-9920051.688099014
1.0033941724260576E34;3.586423142239717E15;1.289497568814812E15;1124490.6368334407;-3072062.951311846
5.81295540117342E33;3.3398559771673065E15;2.9907378452702015E15;1.0080220848826014E7;-1.1164307148576552E7
7.04290568056436E34;4.05656640782925E15;3.504624437449878E15;1906234.7582182523;-2190996.2802853673
9.807851063100505E34;3.101215074077411E15;1.69688114078421E15;1524864.5859944022;-2748275.4338077796
1.2297696050126047E34;5.285133041912768E15;9.363164282316521E14;541569.8233025012;-2984467.1914368905
3.8161037382322743E34;4.811285248415946E15;3.829072422234965E14;163761.7149973818;-1943681.243092292
3.5076326621691842E34;3.0758945049969385E15;4.238519293053172E14;636293.3852794464;-4383495.300119183
5.311234368913977E34;3.2267489916320095E15;5.1161845667126894E14;732236.8122479419;-4422034.518864009
7.682295028617341E34;4.351756659767396E15;2.708539009819601E15;1402233.9544004465;-2233138.172370952
7.398011653070225E34;3.6321849128187695E15;1.2489461417501445E15;1159959.3716137884;-3311813.612071529
5.556526781851594E34;5.437496049667531E15;4.099083320133834E15;1389864.5761177363;-1832769.5170236686
3.1200453587696434E34;4.951219748422159E15;1.4284762615352752E15;1405711.1324701274;-4794911.992963372
2.0369891619231164E34;3.6726404095823795E15;1.6611655324999302E15;2327521.2319847667;-5073989.517004353
4.093239662067042E34;3.122467753886838E15;9.974747006966432E14;2549003.1719659236;-7798296.897281756
1.123791834462573E34;4.4739761759242175E15;1.3017851571817862E15;861649.2753752612;-2909755.9029072523
1.8510315446964946E34;3.8301727157445745E15;3.217736718924818E15;1896929.7968849079;-2240811.014322956
2.6934317214670106E34;3.089434636507562E15;2.9762216991190555E15;2044872.6589193412;-2104972.612020286
6.456231059222254E34;6.656223579156763E15;-1.8893461729079275E14;-63115.97119542279;-2518843.871182907
8.322102039497579E34;4.3055777736142115E15;3.449008320551238E14;237071.02123820828;-2778520.8757076766
8.75512819528905E34;3.7494262655217905E15;1.0153945275553551E15;967939.1262164258;-3494983.882922636
2.683954815639274E34;4.596653707916516E15;2.4944665883152E15;1309054.3373756816;-2389458.573219734
5.8960583247625845E34;4.869962501045315E15;3.9709180760545185E15;1701268.1106373789;-2073615.9717196473
4.328275595657112E34;3.1633874244631495E15;1.1128833945147491E15;805537.453892831;-2242897.220067216
2.3996370397252894E34;3.6270202372944365E15;2.5065802374473135E15;4869475.156178986;-6978695.824484087
3.752362757688625E34;3.7917347420930225E15;5.003541046196683E14;398757.33674480364;-2891156.5706579024
3.4032391983956377E34;5.221716793739856E15;7.294026801811175E14;1106784.944223688;-7684915.650327213
9.686638618855086E34;3.2752538329945815E15;3.1026481256940915E15;2219412.815250537;-2324186.7923065186
3.0118811905291754E34;4.10047605469053E15;2.239345399271505E15;1441710.811656541;-2612159.4209659747
8.33454973127903E34;2.774620021248298E15;1.0383572378755148E15;1270884.2555805042;-3321380.9875139054
5.594104076323352E34;2.84893127021367E15;1.7360957858613828E15;1736807.5848492512;-2811251.4948941874
8.375407075957561E34;5.483117391949834E15;3.2427736623343165E15;1292874.9256070934;-2170074.61310946
7.099379227510205E34;8.875546227028139E15;3.954050053661491E15;816178.9663431196;-1821228.413219844
4.5365879355208E34;3.9153038519886685E15;1.0905658417583221E15;1042693.1156252855;-3666002.696244853
3.826484871232582E34;5.857563091963479E15;4.66259980274922E15;1470603.8736702334;-1837837.879589704
8.741816833379953E34;4.623267034775987E15;3.1940511356735855E15;1608181.3563404963;-2310266.159179007
3.650918308732922E34;4.982093451052535E15;2.513960147025427E15;1377726.4989236167;-2704860.942126342
3.269447336742868E34;3.447743695250057E15;1.4608583357132428E15;1206080.8607014883;-2801472.235584562
3.7758482707411837E34;4.747454646138756E15;4.128826634991839E15;1737882.8459356513;-1986375.6032020354
3.210096585776734E34;3.51972423099271E15;2.0431817997118878E14;162012.64054183598;-2515160.2768866336
6.886551985450027E34;5.063079662546593E15;1.3942697632469255E15;779043.9615130251;-2783028.8545113103
8.844937324918893E34;3.103685052147313E15;2.8671446818113795E15;2402535.5215903213;-2578361.129347002
3.0649158306378377E34;4.566209764938604E15;4.2261393993412855E15;1878289.7483977757;-2017550.5847317572
2.4843186179003083E34;4.0532026192113475E15;9.738201196081714E14;711626.2951101849;-2893788.5015828237
4.4435220144652796E33;7.23029657812738E15;3.9161093162633065E15;1080885.7999675523;-1983589.229742601
6.773580602625502E34;3.161607907204625E15;4.860232833303222E14;1150297.49613388;-7149141.518331381
4.114515970780485E34;4.35416126374135E15;4.078534866439964E13;42266.302309632316;-2919095.7251597587
6.695431872751111E34;3.1315637722338765E15;1.887536866575816E15;1562815.7258555647;-2560314.532357238
4.254165419638672E34;3.846616401822255E15;2.098132128771363E15;1586706.4451756072;-2876363.8677485506
6.499406531354587E34;3.100381931666853E15;1.1679887264841792E15;760963.4953566259;-1980407.297768512
8.691733473825392E34;8.568309427827572E15;1.8097706608011847E14;51101.57091514318;-2154123.6240423988
9.352464810586464E34;3.0077852146878255E15;1.7746261288637672E15;1494371.0783678468;-2499081.342580317
1.0534340720427794E33;5.092933547117253E15;-1.3199462473000728E14;-56129.73155939059;-2602595.5691812653
9.150912552280952E34;3.278644113782717E15;2.3470924481392615E15;1237536.1598643775;-1710999.9164914794
4.4446019093505E34;3.4258734157604175E15;1.0618739762417734E15;1134454.055847166;-3582021.645596067
7.800805070905205E34;3.7052625884557435E15;8.4545948732976E14;852549.6928475767;-3637842.689520634
2.5252531208710744E34;3.263893826377399E15;2.3946658414378595E15;2551704.233282133;-3442933.564033937
2.3085944384949075E34;3.1676293764328255E15;3.0569436482593235E15;2576195.825309171;-2647812.328795184
6.411437953308544E34;4.142035471131283E15;2.1472535431394582E15;1363534.2744024931;-2601506.8596236357
8.34748822023599E33;3.249227864950494E15;2.681408410024317E15;915622.038116484;-1099426.160399959
2.174361753144137E34;7.605125690162883E15;-2.4246798086987738E14;-66287.28210144475;-2288005.236099628
3.794909992177852E34;2.74919215807685E15;1.5518391798241502E15;2089131.4175741011;-3644994.419494772
1.8636264857751286E34;5.474862886447673E15;-2.0401765946373556E14;-111253.90145390094;-3348636.2239610488
1.7538874343410498E34;8.862073171555165E15;1.1869697379663832E15;282993.52022373973;-2073372.9966829151
3.698703979118134E34;6.986243784960513E15;2.3750949140593405E15;505856.66918312514;-1473560.900420782
8.309024719494218E34;3.297672270635108E15;2.714294167037743E15;1747224.5975193195;-2103685.5467293984
6.121862160535964E34;4.890116494862514E15;2.0210398900011582E15;958487.5578802432;-2292596.4106098134
6.386280507023544E34;3.7556908603321315E15;6.883058935695179E14;571271.5317579608;-3017322.9324004315
2.803448610330248E33;2.885657672561683E15;1.2485239894013505E15;1231620.4524703838;-2794037.8604624975
3.7589797960965906E34;5.464328721757806E15;4.730640715156158E15;1661691.753200461;-1909432.3896103122
4.112146390115552E33;3.3694503700167095E15;4.735059063367141E14;379211.30613302387;-2575315.5915289936
5.506090097253349E34;3.705004424999682E15;3.126131612849037E15;2112060.030480966;-2483565.344925156
3.4567841973019474E34;6.040185482180291E15;3.925051794777706E15;1244606.914038666;-1903615.9257963968
6.87667358044375E31;2.876611056847019E15;1.4703888755211672E15;1059267.8904752987;-2039426.8182099492
6.952142629917251E34;6.545714925646868E15;1.0313615022817046E15;404439.4843529393;-2511613.995217044
7.661769239861938E34;5.868743380798973E15;-1.1833849854129092E14;-43744.068357798824;-2669538.9630134366
5.4265890145809955E34;3.2239610078933755E15;7.796882351359732E14;806998.81118658;-3241547.486606857
3.958424660190167E34;4.655776263459763E15;3.068200602737375E15;1513863.7929367835;-2279260.0335910344
9.945320151763635E34;3.202035068858689E15;1.1636543823604745E15;1125688.851637888;-3036806.7901752875
3.4876196600942616E33;4.931997928114759E15;2.5667248850574955E15;1426793.2797946942;-2716493.9828224713
6.26396929722508E34;4.530083085740065E15;6.618600749403489E14;405791.9977133539;-2685522.44588624
1.7223496376758768E34;3.761255615447771E15;1.7541908384152855E15;1414578.9810019012;-2992855.1985912304
8.982068116314541E34;3.8410821588863625E15;1.17230531841488E15;935225.3408752799;-3005043.006184376
5.945058569109109E34;5.940874181156328E15;7.965532573817556E13;47758.04091852244;-2783724.5343616297
3.7372192741150577E34;3.5501001025622985E15;2.562919335196747E15;1618114.3709595108;-2220317.395611317
3.2974167091530873E34;3.6177169976293295E15;1.7054738510201512E15;5546710.460735425;-1.1605376326601265E7
1.8646213196285891E34;4.4962214728377175E15;1.1526752291266348E15;4806306.310808228;-1.8381607975268576E7
4.52688633139431E34;7.467774305808699E15;3.018358113359343E15;856769.7943374629;-2103451.7643557405
6.436991032786351E34;4.632240251621531E15;1.748593347420233E15;910094.2278136823;-2379227.9420645176
5.910072917288544E34;2.7940886976895205E15;6.617695643395459E14;603281.7606184282;-2461874.7604431245
8.1619785117264995E34;4.485778798004301E15;8.968989496597306E14;510541.46841131046;-2490119.6093751607
2.4838287267775467E34;4.190977184445908E15;7.650291278935174E14;542869.6165469105;-2888033.9605557383
8.111701854519777E34;3.2804076410329475E15;1.5887016891375082E15;1370498.1013501855;-2788382.469058481
4.9901120398742085E34;5.243231122276082E15;1.7013331409942645E15;820689.9748535239;-2495262.4459684277
3.1567005146428595E33;4.787707263330889E15;3.784662739549034E15;1635300.8926789695;-2055396.688817298
7.966332206182115E34;5.61058440473809E15;8.864735071305308E14;382447.4740629114;-2360158.9518046156
1.9129419539007355E33;5.08647196342533E15;1.8702120971396025E15;1029675.9196111887;-2766000.8754813233
3.108123990754126E34;3.2388978442321825E15;1.926197257618596E15;1662562.4720009086;-2761269.611954101
4.249182174116012E34;3.336432126445219E15;9.547728678338664E14;373473.6523961864;-1274318.8552286907
7.984992236864709E34;4.594139289202726E15;3.6955077389888705E15;1649760.517527029;-2037400.4874339937
2.2766075373357387E34;3.0340098608605765E15;2.232008304738868E15;1550983.9540743758;-2085527.3544953363
2.1767455521062864E34;3.235985949601571E15;1.4038678641505615E15;1100818.4810873454;-2495694.506786881
3.5652751020011826E33;4.0542688358013025E15;4.976739518633341E14;451302.4048466777;-3516896.526601994
3.04167879109861E34;7.605323083498099E15;2.487019893743495E15;730896.8896877117;-2214461.1556779244
4.445833158038114E34;3.491299767205318E15;2.783356945146304E15;1575687.2241961374;-1959197.5594443765
2.673048248208346E34;3.763249288961826E15;1.9206976859143838E15;1612603.5997727867;-3121083.707235112
8.380575600565317E34;3.8118303075506895E15;3.355792523628443E15;1816215.398067057;-2047919.5984668897
8.223239501640959E34;6.496619072362233E15;6.872224264311269E14;276543.9213102971;-2531300.4949441045
1.295778228141433E34;3.9664970945196335E15;2.995712897557972E14;249726.0123538434;-3075990.476108867
3.95653150917877E33;2.7890961976721275E15;1.8173867988437085E15;1621158.7745475525;-2455373.254653492
4.320224959873854E34;2.970337894697163E15;1.3693844931622648E15;1898890.8060553474;-4049215.9566510725
5.067522998344747E34;3.4956184823275675E15;2.8292375543654855E15;2364427.8179570218;-2896188.8314534356
6.525219773284815E34;3.1075365880493255E15;1.7326597609249332E15;2630408.221253441;-4653624.814540394
6.459393866631299E34;6.31891866429131E15;1.7563855547510038E14;77918.48354040059;-2487341.4705399675
9.385935734640927E34;3.6790619496983275E15;3.6018935275201965E15;2486709.3505239435;-2522445.3029450597
2.103910063256101E34;6.727741941549245E15;1.7043473728369145E15;749205.2492537954;-2918111.2599062175
6.003316251307304E34;4.012643895895116E15;1.823156891608367E15;1398313.885366568;-3038365.6214403445
6.133985887462775E34;5.674851856625456E15;1.1716806171463258E14;64439.093686553715;-2622193.5250457684
4.238484802260304E34;4.2400692536717595E15;1.4646782620300198E15;1286085.7206831735;-3664951.3160037994
1.819993932908868E33;3.168242696850671E15;2.1978245001304222E15;1316854.8866519637;-1877593.6176195736
5.37481145809177E34;2.9077051917569185E15;9.425693448916699E14;944064.1550754865;-2842441.379148583
3.4612440674011675E34;3.3390217551517815E15;1.4831277699579608E15;1204671.0945197258;-2669796.283237412
5.73981302209398E34;3.1411049172114635E15;1.369030041076771E15;1123082.7364817355;-2533335.711242849
5.450700744241903E34;4.194437945842863E15;1.6727074007018728E15;1259703.894998041;-3115261.26110177
7.168172170064633E34;6.596784839739126E15;5.476498592624147E15;1396805.2320414318;-1675011.9433757905
4.0324964238547002E34;3.032368659248368E15;6.038777248226586E14;1989990.4265986972;-9628998.030770484
4.406792140438761E34;5.795957364123614E15;2.176228421075312E15;945407.4066652016;-2491226.698940547
8.978501225609998E34;3.507879158776395E15;2.990026122772225E15;2128079.423541284;-2476206.9167748624
5.428003678400017E34;3.0347663870695745E15;2.0525283061628355E15;1905220.3324633094;-2784163.176014421
3.2191566534632732E34;5.492737226778165E15;5.862752589268452E14;315416.7354141903;-2845711.1993902395
4.87443273993066E34;2.805082080903525E15;1.3541765138570105E15;1867029.7688971807;-3801101.2306445553
4.87377012575147E34;3.277676348560431E15;2.1720956739606875E15;2459591.619920583;-3670709.632896581
2.8206090678889535E34;3.1078847446223855E15;2.6242131883771285E15;1941119.033474769;-2277484.0861768983
8.161360234747874E34;7.246435217965247E15;1.9369279507296662E14;73898.75008312218;-2479219.68925213
2.6786170760171587E34;2.9096941451678625E15;1.5595740396787352E15;2063499.0149478333;-3792047.441599427
8.597573038271025E33;3.558035666749449E15;6.571860369057365E14;663331.5432680779;-3471062.5350532886
7.994153874683422E34;3.7321146970105295E15;3.4548078730043394E14;373070.7006048149;-3783727.4577624663
4.278184656496416E34;6.59611579117085E15;5.69968526333157E14;191942.60405769505;-2137037.452142395
8.004019571303747E33;3.890620150556959E15;6.700953028804656E14;583722.2430678586;-3277947.336080197
7.197252411627251E34;4.1747966235503885E15;8.753203088562076E14;612718.49230905;-2848031.037283112
8.621427012979348E34;5.109772053723207E15;8.120033074648971E14;391370.8252532167;-2395878.221796251
3.369219159125544E33;5.888550872977574E15;2.534129710415295E15;1039246.4837955538;-2392739.4321911284
4.240055413073937E34;3.7154663725853805E15;2.4097231499612155E15;1845018.7526294205;-2816602.4866430056
5.534770823517332E34;3.6624921459738845E15;1.2938955489455115E15;1501125.53087848;-4174072.4920957265
4.916514979873995E34;3.018453162535963E15;7.085977142021495E14;1527340.7641612676;-6302305.747636765
4.67194103702981E34;3.234574420637366E15;5.611579338726845E14;677210.0642844853;-3751514.2352097975
8.024978232054218E34;6.141455521026119E15;2.795739211289332E15;1036034.8452115323;-2256879.3093093107
7.4261047011476825E34;5.52383122870054E15;7.10156790874079E14;505285.21033768327;-3809060.991701984
1.8650632233151123E34;5.057681128317288E15;1.2980880858370795E15;625103.8883029831;-2393219.679996785
8.885737694863975E34;3.926742747341813E15;5.2279470845266256E14;466453.7525100156;-3358280.1429614555
2.4210633165716528E34;3.125345847923451E15;2.8645101501068975E15;5069553.174850023;-5483565.127164197
6.736208180303033E34;3.4201536503626325E15;8.434501085007201E14;601606.9003129441;-2374884.5547580505
4.47466408136698E34;3.1913141714563555E15;3.068549216071018E15;2675039.3906271434;-2759578.941039579
7.86330911814012E34;5.737349602819535E15;2.3187669142526455E15;999248.344318036;-2447760.3371054535
7.890279197189439E34;7.48628593926237E15;1.7931511970060722E15;533901.7807063434;-2200879.8246348673
7.409271317410249E34;3.0195035138783075E15;6.012783371792318E14;1274301.9415365169;-6165397.396932432
7.707375939872136E34;4.955694323219562E15;4.480286944249162E15;1719851.7064647998;-1891863.5254516187
2.0237088909543403E34;3.923671913076795E15;1.5954325349887878E15;1256013.3566324648;-3044279.614610033
2.872824736900428E34;4.2319531744191635E15;1.850480368153489E15;1543455.768283861;-3485560.8089175895
7.844951743504086E34;3.1460591789203645E15;4.767577644146312E14;987875.9140679385;-6222910.157753455
9.230383426324409E34;4.4242707225385065E15;2.2505538906013072E15;1329782.773824222;-2586930.797497341
9.774948156753563E34;6.694870123813553E15;5.942484619236504E14;277262.24135822087;-3009797.1287336596
7.283787009647323E34;2.7228139308931215E15;1.3100931244324078E15;980978.7717569002;-2002691.4125768582
9.09350511857985E34;3.5938214325895E15;2.1763098574847622E15;3088841.913532704;-5045141.386787199
5.328110659296612E34;3.381655981544893E15;1.0750774600227246E15;852055.0891756552;-2623643.7806902532
8.18769569204069E32;4.2207877219585025E15;3.4410470917728115E15;1953899.3412581994;-2379658.54218588
6.125016093629455E34;2.9685406563010365E15;1.2538743280007632E15;915847.3666005641;-2128452.871106129
5.36979100096924E34;3.160585780424388E15;2.296304395519182E15;2336108.324395836;-3181667.834064394
9.359458068203414E34;2.9445223905054605E15;2.6369836095004105E15;2199080.120129353;-2432659.187183646
4.592365337786398E34;4.764134598787407E15;2.7211284165441225E15;1396962.9747691632;-2424524.834863295
2.11672443016902E34;3.1562032729021165E15;2.800325396605251E15;1632430.0420354244;-1823744.2894287761
9.790295569389075E34;3.594148549321462E15;2.1780085967574044E14;181997.48979370733;-2723134.53160904
5.529656737819516E33;5.014603783295505E15;2.1040834021343918E15;1222728.1386287622;-2881994.467099515
8.104158564346859E34;2.821652725885202E15;2.7136683028369665E15;2211054.0296465065;-2278048.9289779766
3.0518751219491304E34;4.68531622964814E15;2.8847727397266356E14;178099.76522598116;-2684117.2274250262
4.0947524598217527E34;3.440928951686754E15;2.671189614678375E15;1333595.9730367684;-1702298.1233907666
9.803274432647022E34;2.9008741031261775E15;1.52071781449139E15;1009719.6084385724;-1896496.5152723924
3.312167540803288E34;4.849689500152074E15;4.025553889829006E14;332304.686802889;-3791717.898630071
2.6544821618462817E34;5.967853618979705E15;1.5775430462968498E15;723488.1997836585;-2697650.22646154
1.3068628280646055E34;3.2154287900686375E15;4.599455736494637E14;1305168.6640365433;-8696077.175657628
5.369669696268228E34;4.0903620150597355E15;3.666734228943536E15;2025811.349221943;-2244672.4655271997
1.449115763510855E34;3.67416024105468E15;3.1812986292114294E14;620489.7722676572;-6693146.548539546
1.712711410368079E34;2.88907610132282E15;6.176240087019249E14;466138.0007037126;-2102660.6722173267
4.912987135093279E34;4.4231950748959965E15;6.8935806441712E14;610651.5627968218;-3793380.4191590087
5.63379195708303E34;4.03231582510731E15;1.709318369506887E15;2203613.599230221;-5128014.347439434
8.558467195640027E34;3.661424978232319E15;1.9692224304226618E15;1526694.340469092;-2804751.9523328748
4.235116234199822E34;4.2650104579874415E15;2.214887803460926E15;1353147.476840124;-2578020.9874143014
4.936888213599149E34;5.436924524205599E15;3.5475768266704555E15;1350047.1666585654;-2055084.7915587258
5.260881468560102E33;4.2819941921832705E15;3.6359183893926155E15;1840787.6038834767;-2153271.376316691
4.7636000831910075E34;5.610886914831141E15;1.5576341697521685E15;694920.962649118;-2466768.1360281757
3.6630094494544904E34;3.25008622610381E15;7.334768259702412E14;3081438.526359163;-1.3240925812172197E7
7.756242458505282E34;5.834066076605815E15;3.374816255395499E15;1289603.5981960855;-2213675.7976328917
6.685001571767805E34;5.725575745655368E15;9.756314627423954E14;710484.0801906951;-4074654.392929653
7.11703624980927E34;3.665272650618414E15;2.348634461578256E15;1369395.0463718565;-2115389.8381461184
7.854030047930371E34;3.458431533728385E15;3.5116398451268815E15;1970270.2980512532;-1926617.3976116034
6.010388855005805E33;3.3678698039807205E15;1.4801022214200872E15;1713208.3088724953;-3837362.299124441
8.838628827510045E34;2.91272782414407E15;8.112063844923846E14;806324.1733763192;-2815239.5199420475
3.872217379234873E33;4.0163449300598365E15;5.158491800155441E14;463751.3714955838;-3459149.2494666297
1.1237067547085553E34;5.790251484662556E15;4.145076325133791E15;1481294.7924265827;-2057166.7504382776
2.7273555878785643E34;3.9249612056398895E15;1.7873218832963685E15;1598846.0182251204;-3465423.027712464
5.206779729066622E34;4.595568225635103E15;8.43200329118039E14;518006.3057045053;-2749013.7974561355
7.864637714080151E34;5.376037450128585E15;-1.6332786343895806E14;-74246.48857499589;-2827152.5287516215
2.0359198179609775E34;3.6645045126519015E15;1.0799826206702791E15;927358.2222712489;-3080788.9817645284
1.8841600467936361E34;2.79506976717141E15;2.745834596936683E15;2793731.279591446;-2818103.3535042596
7.081865133634858E34;5.235701124374496E15;1.1498613624263478E15;670422.0650753629;-2993147.03034706
8.191835942203515E34;5.476835177541552E15;-2.894286308773645E14;-157436.8314976833;-3225186.562638656
9.905558442857967E34;7.780146059807135E15;1.6589971321292972E15;493396.89891267574;-2282446.853668297
3.409340754628149E34;5.946009648284846E15;4.839408838606205E15;1553803.1257595248;-1899460.9461174787
9.135885893226343E34;4.2483248286080745E15;3.1475217317683045E15;1894291.265907048;-2537157.720653953
9.064873370577719E34;2.7560267896117405E15;4.226403428994731E14;419329.47539123095;-2595163.1876417263
5.665385258965739E34;4.770996087782753E15;8.101069833796998E14;2226024.107006331;-1.2752188130394738E7
1.4396205444761919E34;3.1778896839104415E15;4.0264742877998106E14;403820.6943548725;-3017752.732061327
7.040606380908254E34;2.9740424223579825E15;2.563741460441473E15;2076157.798206774;-2385429.7437781096
8.315286290712968E34;4.528970726560837E15;2.672709079899841E15;1719108.069868809;-2887223.842549175
6.569843583362438E33;3.643653146322191E15;7.018115249816134E14;505752.23704847955;-2543176.000077642
8.068253998924263E34;3.563043867746316E15;2.0413616965333222E15;1117634.9682868687;-1928190.9699816671
1.334925348062641E34;6.429384023402314E15;1.93195225042088E15;1310981.665821498;-4311314.732287784
3.447971658559361E34;3.3066573375525855E15;2.345089497084263E15;3706731.0809638873;-5173072.953116013
8.676677914855246E34;5.700906414063883E15;1.4983359915622225E15;754064.832781626;-2825739.4395360807
4.976470692754582E34;4.037274802914732E15;2.597814322854785E15;1758960.0834897766;-2708500.3625273253
4.595098468134847E34;4.1791312469019785E15;3.095262924314273E15;1243990.4357916191;-1666483.3709940538
6.92992669673733E34;4.666116434511506E15;6.043653518156205E14;407154.8404431793;-3030185.0661253566
5.77791227906717E34;3.0516132066971495E15;1.241337677196229E15;860597.9892013601;-2076475.9241614381
9.05557431417905E34;3.65435285347399E15;1.916224517143415E15;1230452.1166675703;-2317827.7270628205
9.16170925191737E34;5.914318344999727E15;1.2047389311424375E15;571744.4804317259;-2754651.132815583
8.190013464569795E34;3.329572778773876E15;2.9929607824209515E15;2525179.7248755624;-2786078.449995272
9.813926112781906E34;4.960797751312234E15;1.920617528240362E15;1003841.1580495323;-2561705.6270888457
3.07713055407722E33;4.278502499409228E15;4.812396590996905E14;327476.22790984606;-2781103.9862999353
5.020371722364814E34;7.633176893026233E15;3.436568602045482E15;858341.3216804549;-1893556.65389221
4.41437664894298E34;6.427196934634513E15;5.51995805148529E14;249570.9289991956;-2792209.5405015945
8.424530053317456E34;3.585881520200539E15;1.2101429763262412E15;573763.9843054429;-1668182.8046015117
6.758476533457575E34;3.2749347714512885E15;1.4500674826486852E15;1238051.0704132325;-2751493.7297321935
6.198826220444946E33;4.694982802189043E15;4.693610573459687E13;62379.74894882337;-4232468.145819469
4.501777352708841E34;3.080793268645219E15;9.101747451160272E14;691303.3806404232;-2282063.2849813607
1.1346047073767072E34;3.526818858184131E15;1.7041484882556612E15;230330.69427331333;-470163.0727823563
1.9846735888351344E34;4.571511802849544E15;2.745838451780102E15;1881574.2538478714;-3105514.83174075
1.0352428430908991E33;3.204862970147512E15;2.821212345731496E15;1428972.2101646569;-1609169.091349688
9.097541943117903E34;5.031610227942021E15;2.276958761185018E15;2972373.835797391;-6501152.280496615
3.2585450085107715E34;4.915644543634975E15;1.235296983108033E15;570160.5784964681;-2227465.11222349
6.630780221827052E34;3.8067545414833835E15;2.3490637566238995E15;1610223.634975702;-2583036.001438067
8.753325131797806E34;5.409055041440259E15;3.9429339605945895E15;1248394.299655871;-1702091.5537209841
1.3835668942446362E34;4.532099773467441E15;3.9400933393401905E15;1668829.0288292787;-1907601.634368874
4.089387868881719E34;7.853001974597974E15;-5.648387851844205E14;-156192.23746734145;-2259644.3732461617
8.53457611206086E34;3.5733187032160775E15;1.124921094880362E15;715876.435390489;-2228152.296064436
8.38079367561097E34;5.279900389675946E15;2.6475423601742405E15;1214619.5055874707;-2400809.1228990983
3.058482620658517E33;3.2828849276642035E15;2.8859858604702515E15;3313526.743175658;-3737158.951111253
3.4537300145290834E34;2.7350579497070545E15;9.150966447671189E14;1264617.9469073464;-3686248.6560780443
2.7323313782795027E34;5.958764225217213E15;-2.6476927467309203E14;-112534.78637724849;-2763315.133161779
1.5272579148595353E33;4.488356717644846E15;4.117340752994267E15;2544636.318515226;-2757282.9209493133
3.5392886198223823E34;3.6284581276419615E15;2.518033218786726E15;4431942.281981964;-6325516.542388326
2.7854305881550296E34;4.205858729441105E15;3.498801872748523E15;1968196.2163677788;-2349406.856796397
9.168739429629496E34;3.518026489004325E15;1.8134718315798145E15;1610163.2932784697;-3083297.1702984073
9.024066988329752E34;5.053110549056909E15;2.2646258928725345E15;3169026.7481881697;-6998444.427916842
4.673838538168397E34;2.958466855290527E15;1.7094984892735668E15;1277530.3070124984;-2180417.8946067
6.060428592413429E34;5.139558058494741E15;3.6393529038420045E15;1540970.0506208832;-2161772.633878513
1.0264624118634914E34;5.806702806619369E15;1.9235807145156608E15;882907.8130487603;-2633494.3793725977
1.513115537554745E34;7.939403569401129E15;2.526417590505969E14;80052.77938881288;-2311511.407256467
3.3690599771952624E33;2.7954489297696595E15;2.7154598479030435E15;3444931.761067875;-3514017.147783536
9.372298009498014E34;3.4131218303483325E15;2.282771685814455E14;440334.7860369696;-5994736.255297791
6.665734154919922E34;3.9609407893109165E15;2.9841252431844095E15;1643586.9798832803;-2163902.956795943
3.6143257796207724E34;3.4537552680500115E15;2.431066364524961E15;1670987.332560218;-2350476.399171434
4.975979309389966E34;3.476767756936948E15;4.5811605860930925E14;520039.1080052436;-3761055.1821780377
2.105457546814532E34;5.645117914257697E15;3.1022429055174835E15;1365861.877609391;-2466515.8854019777
6.395121567972754E34;3.2542234761023915E15;4.6331114106377706E14;780218.9393053512;-5224749.026768997
4.628131993423759E34;2.7708052790857645E15;5.667734905102895E14;513469.1688337432;-2413022.5275386674
2.52783835385936E34;2.913704171793643E15;2.7951174479246695E15;2231291.40196808;-2305341.8220014223
5.1880512116957585E34;3.152684674785279E15;1.4416786742975962E15;1408846.8491230807;-3031366.6818430107
5.122868962711778E34;4.2881377040725425E15;1.12800623934344E15;1565497.9597116855;-5832409.608211611
3.7588471380267015E34;3.7812334819916595E15;1.8859757286560928E15;1612470.8732012936;-3192811.232856886
6.5050962598979565E34;4.99902985865092E15;3.6576649323907375E15;1400581.712941478;-1901563.5729854056
5.45988524435947E34;3.954653252659289E15;1.6047046360061052E15;1028689.0287509672;-2498678.661622459
5.565115015881545E34;3.8881076087170475E15;2.430540778966063E15;1747908.1454615907;-2768735.3495717244
9.9745641486613E34;5.31680620927872E15;1.6434942109820778E15;891773.7243924158;-2844926.8084112536
3.454362832180684E34;3.368482761086963E15;2.9032758010635295E15;2699952.7209267826;-3106141.497663895
4.598071243973222E34;5.13318776992289E15;9.051334299125294E14;507255.1634372751;-2806250.5392620135
1.331142882439169E34;2.8100940107961685E15;1.973104434194499E15;1627578.5333509736;-2289844.9158056034
2.1101979684533744E34;3.7378126173525795E15;7.63031693202272E14;672745.3478485488;-3199830.1847276674
6.264309575597334E34;4.70638050664708E15;3.8940531573846775E15;1639010.247522353;-1968480.4853899258
5.025018211228924E34;3.73104528342193E15;9.648226668621882E14;813197.477460962;-3071548.5024139155
5.322672389637468E33;4.668442721224654E15;1.7682985445655232E15;1601295.3520476841;-4172517.2308901297
3.406420518730628E34;3.8856122345175885E15;7.941637073606955E14;4329966.391854523;-2.0593486858269893E7
4.3388754063148196E33;6.301265479365311E15;2.073405880653034E15;794752.9254614417;-2388629.4008061234
2.0589736581414263E34;4.705178596314909E15;1.5147500888316385E15;837929.4223283582;-2563620.7829175303
6.67786992423944E34;2.809557693734369E15;1.596351353253495E15;1583347.2505806575;-2745611.455628195
5.7923542195542584E32;5.736442622502106E15;1.575825776976136E15;942338.6591658528;-3380988.594849552
1.9216766598226633E34;4.028525023147576E15;1.6934614324449148E15;2769190.2055161004;-6497604.6328328205
3.804573481267561E34;3.953460174838755E15;3.5266599823807955E15;1750363.4407787966;-1948494.7591883827
3.487573700603505E34;3.845912101994823E15;3.915824078310047E14;353814.06008366484;-3285937.8324140385
9.576445559820145E34;3.403953736739715E15;9.781621747660105E14;881628.0781157628;-2997352.018670114
4.531078821128128E34;3.613544075467256E15;9.428133576119514E14;893127.7201147225;-3341646.550576851
7.433520344687592E34;5.317566439375979E15;1.2355207671941395E15;1048541.5265083861;-4430713.857607746
6.275167599103723E34;3.724733915217636E15;8.201763543803575E14;1137212.951810084;-5024431.294271126
7.14624651059099E34;4.654900634108733E15;-2.003519706040897E13;1303.390540068377;-2777712.009918731
4.573224127857526E34;3.6298831252400895E15;2.8924029149929025E15;1522228.14278448;-1894291.8947739403
8.99156527540363E34;3.6243570426471185E15;3.67907335388822E15;2215354.440000955;-2167589.2552650203
2.905038370077775E34;4.178199581722924E15;1.5861328540368255E15;1157040.734419573;-3003714.815622259
2.427328909600118E34;3.3461431166191745E15;1.3663812338819475E15;1115649.6097798722;-2686104.1868584314
7.07293397000897E33;3.2784722491304335E15;2.0672992907944785E15;893724.022634274;-1401034.1935484165
3.319861882028714E34;5.636154175040995E15;1.8296045458972278E15;845307.7571771978;-2571444.784544695
2.0625258096550337E33;6.154784695938122E15;1.9626866064129545E15;776897.3993766934;-2407877.474669089
9.991855081577439E34;3.6000704208184125E15;1.52391940750943E15;1241112.5922805269;-2887538.7731077834
4.4933538780332E34;3.9774185055432045E15;2.019816839790167E15;1451614.445913352;-2825374.521407422
3.9355122556124017E33;4.863490693839527E15;2.4022450655403725E15;1211361.3347430837;-2428566.1578166345
8.078674235783898E34;2.819922829636844E15;1.2361610776563665E15;1150335.1737403546;-2575182.5693226634
2.5132811822473515E34;3.637540521953571E15;1.2691243362053468E15;2165180.042531879;-6094214.888491148
9.652082740709146E34;3.630723604273919E15;1.717453555334502E15;4249439.13371998;-8861641.98237384
1.0652410999634833E34;2.8948401240799555E15;6.82910561003226E14;958518.4966213655;-3931208.6170445825
1.4609455816023837E34;3.800214446052017E15;2.1401266632330272E15;1555336.3994037984;-2731363.518230755
2.866512533216881E34;4.751408272302904E15;1.692672385773643E15;986767.7048870162;-2732364.115773115
3.463334514624927E34;4.0555761490658555E15;1.6268478075363208E15;1632116.7015272921;-4011053.182723722
2.49855985289891E34;8.57685704168587E15;2.8060830512095265E15;657348.9236661235;-1992751.666425114
1.7307087964535266E33;4.446970556272037E15;1.9488181408204615E15;1054432.0168061615;-2377431.163416339
6.801346620243563E34;5.358942946831527E15;-7.295896382532169E13;-27036.739174738974;-2853926.77656026
2.0388801902094258E34;4.779734974074858E15;2.7900871432151525E15;1677225.441242461;-2848866.1270377133
8.074924830083114E34;4.2739933513024805E15;1.1026561284810622E15;1188416.8301555272;-4512394.357820853
5.723885857733837E34;6.934648455698065E15;1.9445075118121662E15;650280.7002110358;-2291932.539789859
5.741995212724935E34;6.465110486252387E15;-4.917602667569769E14;-188839.61574013194;-2598972.405831856
6.279993593777492E34;3.989625026482793E15;1.5118056065848602E15;1242977.0879630505;-3230358.4381663417
1.3828362795101153E34;4.1777693134268535E15;1.858537253214547E15;1445924.7428111304;-3209663.4327461403
1.1863826311870748E34;3.4409725935498945E15;1.432582039103028E15;1228890.8374269078;-2904216.1274331147
4.687270268003741E34;5.026514724028099E15;1.1282438428129462E15;387760.68646554806;-1693208.8461198888
8.475057251528985E34;5.394477471428509E15;2.1911444385302588E15;1036581.061179111;-2525044.656563395
9.561237464380402E33;3.0010544073023765E15;2.9820307757345825E15;1978466.2242079652;-1974473.0822594084
1.7770321993605458E34;3.3854497052328065E15;2.6934059287766762E14;281651.2992995245;-3267638.169409967
2.42622002689942E34;7.247736400972009E15;2.6129198480565188E14;126400.16923850468;-3230052.763818412
9.452917518732171E34;3.5114303019757865E15;8.125998715729456E14;605285.875236591;-2543887.058440345
2.180284561414433E34;4.931235409375646E15;1.429881380608552E15;1298476.1599869698;-4406975.161574493
9.261615187725229E34;2.951884846884956E15;5.640505528019701E14;460816.17393113347;-2317971.8520976016
9.036426133621912E34;6.04012480944501E15;5.335244205844787E14;230698.59971626187;-2506172.2964845914
6.319358900051673E34;2.701727425203125E15;7.528907242740836E14;1410669.0516692158;-4911821.406611642
8.851018495772273E34;7.592273990549839E15;5.366561020288989E14;171889.8041800083;-2334230.81410749
8.977384577518352E34;5.260254399642831E15;2.9995676772878595E15;1263026.3327152012;-2197447.699944846
7.528905658804744E34;4.2640465658076985E15;1.1539973475974775E15;1165829.2244653944;-4223550.5412268825
8.525795474866918E33;2.8005962522751095E15;1.3386017495751155E15;2251489.588037215;-4628866.7860359
8.053149163092063E34;5.241761474873248E15;7.260962517695086E14;860889.1184201313;-6027020.085376162
1.3106475487425604E34;3.1875425686611875E15;2.740715101642441E15;1491943.2547036987;-1719676.8394051688
3.239617095554339E34;3.397396691712664E15;9.100374321887076E14;677559.367133938;-2467128.363887613
4.047940319482647E34;4.785408526825427E15;2.3547937609581705E15;1139277.1939368728;-2292221.7229746194
2.8204227112956164E34;4.550873185889079E15;2.0198219405172465E15;1221484.45489766;-2720473.801569548
8.131801875078994E34;4.026936560102212E15;5.696096318813318E14;501323.47608343203;-3408693.927178215
1.352276821492868E34;4.118713227441732E15;1.4807270920392222E15;1181561.1985716745;-3235728.019368156
7.3040855285445085E34;3.2787086711350175E15;7.771150539478198E14;1024798.6124946134;-4199845.822685424
7.031183844765461E34;2.694127924896846E15;9.389558197955364E14;1267816.4378350843;-3549849.0628174455
5.859107716215847E34;4.73227918741875E15;8.507530094110516E14;649004.5593134973;-3516048.5805874434
4.197956688110419E34;3.1619490356301165E15;8.114081650428272E14;770822.8310855549;-2921082.452649059
4.293502270572063E34;3.52888495317732E15;5.69486452123892E14;1931277.1958701492;-1.1508639517838614E7
6.082848109188871E34;5.347727324256552E15;1.5720797139818985E15;920817.1745128746;-3087025.105242085
2.723366381317399E34;3.0258580891159945E15;1.8494273546809455E15;1654043.680791355;-2671529.476628809
7.318802232005128E34;2.805762802519264E15;2.1487983586476122E15;2368074.8642497854;-3057306.323179192
2.583168761454377E33;3.5167993814814905E15;2.1405846158645455E15;3311023.0604610755;-5379457.148520482
9.915725015814613E34;5.349636368883327E15;1.2461505934784465E15;1343556.4375191173;-5663718.944346562
3.081725116481109E34;4.024075881225802E15;4.125708618875762E14;324042.72651396156;-2996954.8706632443
3.5441944238967146E33;2.7709813803279295E15;8.766541406060625E14;1135494.6502400162;-3496800.430004625
8.566835018038646E34;3.8497127345667805E15;5.569481491960143E14;443078.5293498189;-2942944.1321200365
8.510840356929019E34;3.100865457673338E15;4.112638898309068E14;488685.0723853621;-3492520.3799908133
1.9548404008920297E34;2.9862385080198385E15;1.1109395459185615E15;834281.6033360163;-2196490.7754444433
1.2082409167827988E34;3.8918172153392745E15;1.1693752434364528E15;1302865.1760873592;-4252101.002921495
5.036304634134199E34;3.501550107691722E15;6.422143308318071E14;600401.8929752851;-3161517.5779291755
3.449789287608198E34;3.0542941342310885E15;1.6993341648129948E15;1123015.899938243;-1990528.5587635569
3.977751853316887E33;3.024923977701766E15;8.676101077962222E14;723063.7345190233;-2455685.6800674577
2.91521252682585E34;3.119269176069862E15;1.6923957420459278E15;4309507.219394188;-7832754.380385902
8.474349798997943E34;7.138991765176275E15;2.5308535064736245E15;997794.2881850622;-2788947.4561596042
7.414183211927061E34;2.8720602103020925E15;2.5255588580698235E15;1855496.6418206813;-2089576.4131554565
6.488410301451539E34;5.673466591358084E15;9.59086003807751E14;234345.6055239185;-1354197.5856861803
3.6391054592437476E34;2.8191137217933275E15;2.1227424788142555E15;2635101.5715781627;-3459779.611417053
7.43302689918703E34;4.564767685725313E15;2.645608039257844E15;2202504.5915872315;-3766213.4953811327
4.431471734597866E34;4.3613062226442565E15;4.1570348630919844E14;318688.6883264058;-3171765.778401137
4.355336871750784E34;3.1472532721736545E15;2.3433419091116335E15;3486630.1387659777;-4634549.498261479
8.823570535663093E34;4.574504674897755E15;1.9281301517398375E15;1097333.184131789;-2572159.8932238934
5.037354116052732E34;3.1057998063339515E15;1.4759724724295815E15;1442947.6244504864;-2988516.103770277
5.367324682294976E34;3.9722082335738065E15;2.5138219513361285E15;1619117.2013652038;-2534197.1345960745
9.146824234300818E34;4.671131180824424E15;1.1073437847854155E15;654653.8792601925;-2705558.6990636713
7.076179950371901E32;3.694466739238621E15;2.3530493431632005E15;2882733.9510833346;-4480293.015803171
2.928180322066316E34;3.2325307153726025E15;1.4916296042660215E15;1192273.1256051192;-2543610.478369585
1.2236142688900263E33;3.077108276461535E15;3.0653950521004294E14;184545.15823977967;-1725696.9776659322
6.463525097234387E34;2.99279283138506E15;6.901150207479315E14;1787302.8754629877;-7501967.0016145
3.7944165995563864E34;2.7251959700610935E15;1.056385595794106E15;927232.800036351;-2340276.497076599
2.860473910498715E33;3.749447629625012E15;1.966714458143163E15;2078727.7890080726;-3915727.1040543574
8.580564752670955E34;6.620956874750858E15;1.7030688404191832E15;569300.6055898678;-2183799.909145747
1.3434414051795904E34;3.701448524827975E15;5.882786160918835E14;591721.7757723026;-3584835.177216295
1.9387674859021522E34;5.052934495084742E15;-2.679891085901539E13;-3599.4492473924397;-3968154.6980125904
3.3749068590222196E34;4.012064390118361E15;2.9295024317749355E15;1865174.387573577;-2533386.3648550785
2.0658140451391038E34;3.7457452562873495E15;1.1451358783361148E15;878467.5735474539;-2816622.4779356224
2.8390718717486493E34;3.3804300746006335E15;1.541087331451553E15;1316813.206109692;-2845008.374927208
3.716338526110594E34;3.6937088074491805E15;2.0863167934153388E15;1768220.9638918533;-3095144.571597811
1.0703895473692727E34;6.94046030054487E15;1.194075068762969E15;424157.1322162497;-2419341.771509386
2.767805209590231E34;3.2009016326914665E15;9.301744550659089E14;816010.9704942472;-2740077.85024999
4.128278456567688E34;4.901654429989834E15;1.0396879510628932E15;553035.97537364;-2551265.823595827
3.5033436023324824E34;4.752282148232412E15;1.7641179462588675E14;118775.82602711295;-2840033.3690340566
9.464085716962543E34;4.0743589535457925E15;1.5369192842864662E15;1399516.5306760245;-3654660.3170417235
7.719820163771466E34;4.2799412240596655E15;1.5833620697920542E15;1249223.0391416117;-3327779.760574302
9.430352084388234E34;5.618319738130075E15;2.9669537259647305E15;1189606.4418720603;-2234791.697984854
3.335616078670564E34;4.163414918338388E15;1.0689941548373988E15;604797.2198611948;-2305955.256312705
3.774614186817348E34;3.6896093058017835E15;1.0291999502717918E15;1017629.3597964405;-3568262.1390974955
4.756474913482186E34;3.8842215010351705E15;1.8125993504213178E14;170850.70378944438;-3258985.043888438
9.556152568763013E34;3.5569212347967645E15;1.7861372355560988E15;1544000.62201287;-3034502.548920851
8.896437220280942E34;3.132317989918903E15;6.998720641339388E14;485902.8081959629;-2105842.39723789
2.9641825083151477E34;3.9695952505063725E15;1.3542090630869675E15;972986.8455388478;-2804051.382946962
1.7695438613876517E34;2.897739143438274E15;1.3803936860501202E15;1176667.6496059052;-2428540.879698644
5.184415932500781E34;5.009035529548266E15;-3.735886848974082E13;-6761.642818458979;-2235676.482634338
8.797323207963251E34;3.209406714949966E15;3.23291418823878E14;266624.60118255054;-2474438.0070459587
2.304006829345816E34;3.681431859821534E15;1.0466929522245342E15;1413543.8216290663;-4864586.114304133
7.978090020409682E34;3.2202049613683865E15;4.7457650248665875E14;474554.1320062565;-3073302.565539628
1.715174375416138E33;4.1797219684598875E15;1.1521428053434535E15;593745.9753731933;-2111778.1210285346
4.192819917469218E34;3.727452589489721E15;1.37918363396535E15;1027562.683579571;-2731010.7021710337
6.197999284143084E34;4.1353993094973685E15;3.869550895003489E14;294067.19578484586;-2969993.358812928
6.39130160388158E34;3.4255948456319475E15;2.1417546203425744E14;555392.3916899904;-8041488.256309418
2.478763203026707E34;4.700959432527882E15;2.414584084911994E13;35259.66734837515;-3572888.3475498594
2.496597673876158E34;4.614818220787222E15;3.5552781444546535E15;1574181.4800490926;-2029364.825208632
6.807147666790558E34;4.564055359890869E15;7.332217522813016E14;482574.6721191749;-2913684.0656143376
3.033144742873966E34;3.8800125935467555E15;8.013913470421989E14;3496290.689676004;-1.6458797724943016E7
9.526940515181774E34;3.720183222708948E15;2.0026558934950155E15;1911806.1129758437;-3509741.3910073033
1.3724326811456953E33;3.836484945083672E15;9.555645889020322E14;888980.4006395034;-3485446.7399346684
1.9870084178385518E33;3.55872093063276E15;3.023064941781189E14;209786.27749766284;-2298651.6185686616
1.24624388739184E34;3.4060590154555225E15;5.015642530548111E14;617969.6916999505;-4015156.944846205
7.566136889661306E34;5.18440738873488E15;2.4197132012537853E14;139706.6468917419;-2740062.0726592303
4.01832620604803E34;3.2336676436965315E15;3.2330053882349594E14;676641.6180600768;-6326989.9027566835
3.5335602484548388E34;4.88118214119787E15;1.0292969757697553E14;77908.74646372165;-3036915.8214460537
9.21209853526557E34;3.1285425789197685E15;1.013070393076139E15;1896408.5660517435;-5725509.605179968
4.314310166141328E34;3.790890764985138E15;1.3057494856355372E15;1002376.7549880123;-2859275.3576770136
6.331037206582249E34;3.5358282286913035E15;1.5732031391643995E15;3389112.316249124;-7504974.47954421
6.235357928802459E33;4.0080764154444585E15;1.665088248613716E14;142209.09445880284;-3017995.3508538906
2.304939913528511E34;3.340499662840975E15;1.0004874022689178E15;804563.1150354465;-2625716.3449645825
5.849750053440079E34;3.276641974638726E15;3.2148968229302505E15;2295044.3931566845;-2321034.149483397
7.443141767786022E34;3.0233181311867315E15;1.9761995037708535E15;1832786.902857567;-2770111.5102066025
6.987168482487687E33;5.191113966975609E15;5.130963665228603E14;275467.73270161403;-2669821.6037780107
8.933537924384468E34;6.040488181728482E15;4.0389476267627055E15;1460110.0680691854;-2170703.966581284
7.989938499588287E34;6.978609609752009E15;3.048707376545744E15;930980.6350322315;-2114762.955665345
2.283858292488684E34;3.2854215052741355E15;1.1030507773785334E15;897219.7784148975;-2617304.2884990796
3.5828608213264054E34;3.7914091924334205E15;3.594082020022784E15;2056385.1524157648;-2154328.324271395
4.321487719261653E34;2.7813554109467235E15;1.3233238163249208E15;985536.4518200147;-2035090.5584660727
3.4728352393731283E34;3.6400845019472915E15;2.4753157799498172E14;279711.22313231736;-3771533.9589265375
5.186947713560399E34;4.1384325783957115E15;1.790852912443832E15;1200816.507160364;-2739028.4200143777
5.871717394047945E34;3.9015741057213365E15;2.2435200148064012E15;1618178.1859459488;-2784434.582295551
8.759042507229423E34;6.730843621658563E15;5.015910499875101E15;1310442.9514104493;-1749980.521318303
9.832996993246872E34;3.5258527737691375E15;2.1634110523670558E15;1737676.0359213767;-2800934.675486809
7.020718072751418E34;4.1787980001559065E15;3.3411864319150635E15;1774180.2148864227;-2202783.081246135
8.714346252020611E34;5.040837434114824E15;2.143261006542727E15;1101450.2953722363;-2562514.6055795914
8.375307964575493E34;2.9182137312833335E15;6.66060057438843E14;489525.87761457305;-2073488.3154660286
5.864760619152102E34;5.632499815342787E15;2.0140269291238918E15;899978.7054987472;-2488181.827460472
5.277596936049125E34;4.4830639442975305E15;4.0671511376818465E15;1743662.2303060615;-1910306.0244098085
8.314908798702802E34;3.6588012948452945E15;1.694666236168345E15;2872404.499701501;-6116496.137473548
7.4388851194780915E34;3.253874227829956E15;7.250838839274059E14;2302802.0168217695;-1.0017933444792144E7
9.280625871378751E34;3.6499385129115095E15;3.1913685470045375E14;97575.91750169737;-1042510.6441274851
2.2307804246430187E34;4.385205877123649E15;4.342144157240061E15;1916087.133759226;-1923978.5305289733
4.4721588522815226E33;3.228901563598139E15;2.715649050701912E15;1287814.5560112917;-1517433.627696866
7.556163062688894E34;2.975559917665093E15;1.9325031606316528E15;1074633.2165720353;-1634275.1604155826
1.7864395558705353E34;3.260973049775203E15;1.7376123003735852E15;1509897.1778159274;-2795384.2134544514
9.70063216024318E34;4.2727138840162565E15;3.784574328516593E15;1904477.3837680928;-2136135.1184621407
6.351899766077745E32;4.58367296940619E15;8.03546205066267E13;158844.07202859488;-7093832.592331722
9.970322821152684E34;6.077690446836312E15;2.2315248437228018E15;910572.0296016878;-2454389.2783765397
6.232043801365067E34;4.291410937157625E15;2.3706871133518305E15;1438821.352265525;-2578641.9295932073
2.9805141190314367E34;3.995681134322353E15;1.6440518308199235E15;912572.136373301;-2186758.0090831667
4.38826624874941E34;3.2189571057444855E15;1.6332977839018782E15;1326169.1112264816;-2576282.5700258054
4.242305289606686E34;3.3009444136607195E15;1.177487772214742E15;1117808.819161508;-3072934.7072228175
2.0071107123372447E34;6.419237461919667E15;2.4669230552015872E14;117798.32323345939;-2810741.0086379647
1.4350714018743634E34;3.922617001706495E15;2.1786012606247392E15;1593542.6798873048;-2838163.7560545276
6.800025169319226E34;3.5739227118999565E15;2.153837173026408E15;2057929.3310181606;-3377201.062473087
5.884054985258533E34;6.532574193761903E15;3.7144047985224675E15;1173042.807247168;-2049878.7070276206
2.1462951663207876E34;5.166278749623315E15;1.1567132529316872E15;537466.0068866977;-2353960.005244923
8.426924642001292E34;6.922878860215498E15;3.472513882680748E15;1066160.5172747714;-2111132.22376719
8.601046380888321E31;3.8906283315257955E15;2.596805963601461E14;233618.32694757305;-3221908.8127694083
6.056587535692163E34;4.0218025670158865E15;1.5178974174688742E15;1448897.6793920335;-3780900.514685273
2.2517496509932656E34;4.681187512471532E15;2.952911682492313E15;1495225.1720986015;-2351204.859874982
2.952285980250221E33;4.664659937276955E15;3.8030334072425294E14;231347.26645726175;-2679342.098446608
7.6954073420018915E34;3.551448427424971E15;4.661203497929646E14;440249.31489417027;-3199133.1386427404
6.289021224079167E34;7.649468849418823E15;-1.150398211561872E13;3270.328318392408;-2334017.980349671
4.997193749826607E34;2.9641902432985475E15;1.52572829835464E15;1587347.3413735798;-3036697.795190179
9.701705095283487E34;5.116088985357234E15;1.0482975195523196E15;556381.5522597589;-2657505.6545735165
5.880735503810054E34;3.6292185841032085E15;1.7015724071037278E15;4630783.951444463;-9741811.109377218
4.423671142099613E34;5.463348361110253E15;3.9314257259879635E15;2471291.9710808657;-3413165.016240325
4.569864371630444E34;5.761194920208446E15;1.3769202501853572E15;672023.1215556063;-2765793.8169505764
2.3427921583392143E34;4.0169321894282065E15;2.970525629725709E15;2466164.326103694;-3307780.526002121
5.927041792711721E34;2.792778251664644E15;2.58888646038344E15;1896234.0067234603;-2026085.3809643125
5.486949278142874E34;3.1107383131313395E15;1.2360383911236952E15;1266263.9940431954;-3127647.711558603
3.35986597697413E34;4.0101302360753295E15;3.763932636535138E15;2131360.028759636;-2255831.0521524707
9.577607530545913E34;3.878913791718715E15;7.90054383246896E14;2758681.84384183;-1.316402415480673E7
1.1680106903590024E34;3.8287421158004175E15;1.3636317920561685E15;2021900.0099070088;-5581797.126103229
9.361693441224947E34;3.173361733518218E15;2.332734817059697E15;2768014.87845209;-3726601.4881563876
3.624891324629435E34;6.454423511733203E15;1.9321118977297722E15;1134261.5241324499;-3744377.9228137895
6.772018622197301E34;3.7148979852303465E15;3.605204440287304E15;3741055.707873379;-3828312.534348818
9.729116565882929E34;2.8666419795977245E15;1.6658666576148712E15;1504126.9094072352;-2551695.3376748366
4.714008110516697E34;3.522246378262755E15;1.574665051214825E15;3791722.981403901;-8356593.987165329
6.250609182293392E33;4.910046463899215E15;3.274681958832847E15;1492810.395512035;-2221931.328712332
2.4065252697207236E34;4.431516027760364E15;6.694097297537284E14;888087.9945577723;-5686625.355256281
2.6293420201384906E34;4.894191782259279E15;1.3866434738819722E15;482777.3088299184;-1676119.0124896928
6.067911162876222E34;3.4304564714366605E15;1.8019936865548745E15;975514.3618820653;-1832934.55099394
8.77343413960962E34;3.0487244073575195E15;1.5004227280287478E15;1187112.0635761367;-2374671.4543839456
3.9955822808785174E34;3.4762073198166075E15;3.3111633388426615E15;1956764.6646578803;-2038922.2760083748
6.123306841536364E34;5.467469701615016E15;7.034616242995801E14;183040.32949444358;-1378352.327855618
6.414450110227822E34;5.495742223815082E15;3.759949504307583E15;1436165.3071726204;-2085754.7265532906
2.2334909545119595E34;3.0928207026508215E15;1.4328459525795565E15;966558.8185397751;-2052569.4892053024
9.080757906891026E33;4.2246165871404575E15;4.203683133570259E15;1971476.7241748131;-1969538.9501033311
7.997466551390816E34;3.872858537264217E15;1.791068663402384E15;1100232.305211282;-2348160.042694044
2.5908508264128657E34;2.792212510422674E15;8.989963689264236E14;1433445.5179065666;-4340326.964619072
9.157527447818688E34;5.221883061947522E15;-1.0111571538139075E14;-35849.98286289743;-2371446.967448028
5.431167242607549E34;5.099365647741987E15;1.2847572115713218E15;762437.05025584;-2973092.051533734
1.2830503109604316E34;3.09551944945593E15;2.5421513112223145E15;1876467.1959765549;-2263034.755002284
4.435491962088932E34;6.081328778630462E15;7.320963672984362E14;323746.3537105539;-2608831.358240727
8.790010959581961E34;2.707534961262097E15;9.611971852803595E14;1819801.6981721602;-5004961.618048282
9.568740240422328E34;7.057156998217518E15;2.4439261137694445E15;702151.4519210812;-2008470.7750888076
6.120222210558924E34;2.886058488638279E15;2.1075282502510182E15;1957732.4115299687;-2650321.9507096116
2.217338693111649E34;2.8355362485420425E15;1.3957962085373688E15;1478093.8463454968;-2952683.9172074334
9.566517224893194E34;3.8704347929719605E15;3.6356305695331375E15;2296058.9250429887;-2427699.9224858535
3.6953541819720323E34;3.4466849656626155E15;4.560367852308768E14;331390.02399488975;-2386272.1161492327
6.062937800953873E34;5.45175825712421E15;2.3653309867634797E13;25069.634950265434;-2977927.433844955
9.155440882687526E34;3.9418303685173815E15;2.706064377385738E15;1672543.0476437372;-2414736.194706727
2.672056945114947E34;3.764466651524915E15;2.686997368039974E15;1690388.8461566588;-2347012.55120901
1.1494101373546492E34;3.539630271089648E15;1.2263114708121365E15;950215.6242731651;-2691715.0579011966
5.137808685714394E34;3.0948744158211285E15;5.322027721351932E14;371391.6143789066;-2071251.235155016
9.489031223310398E33;3.4874513328599605E15;6.158349940669861E14;385281.72517765046;-2104128.854818472
2.0958694684758694E34;4.808066342869934E15;1.3586819300467948E15;632479.9822707378;-2200877.0302560707
3.132802620469912E34;3.389711227519351E15;5.1730714542863594E14;413818.67435543094;-2597725.715531165
2.636749693405483E34;4.114749730953629E15;2.357660482126252E15;1522715.772806844;-2630901.2979162214
3.752349086571189E34;2.999442772709121E15;6.996819485066541E14;2186994.7456801026;-9078114.394705545
1.7837542072388627E32;3.1094728389007235E15;1.5638693725494045E15;1452939.0001533937;-2845811.4489617976
2.1108282486021357E34;3.3967647102402315E15;3.433462110812413E15;1668313.2284015606;-1638485.25973686
1.2572784753575392E34;3.313310275475431E15;4.670535599121688E14;560987.245268873;-3795673.3422757494
9.196878564111602E34;4.4963838045788185E15;1.161529332635244E15;2231949.3798655146;-8472497.94669479
4.0536177569823478E34;7.11176535885375E15;1.7062474303409575E15;558373.9681974204;-2296500.931836946
3.2218118906757923E34;5.816205163773471E15;1.727162417367148E14;90670.91209297348;-2703990.197556834
6.882616298992091E34;4.843343418159635E15;1.5413937090744026E12;13951.122453560689;-2842237.080101971
2.5379119432470073E34;6.97091207717889E15;1.815641828871723E14;68591.70296360686;-2345395.212786585
3.956273978208384E34;3.3099326843150645E15;2.0982976257568992E15;1505500.1838394615;-2347912.3140720795
7.785140863189742E34;5.202168368173588E15;1.353816485684714E15;796937.4625513011;-3011200.82875398
4.700832767627109E34;4.531179800091235E15;5.23710244322499E14;331063.27522076195;-2746070.0105386795
2.42407822420949E34;3.6312396332340995E15;1.5955608860121742E15;1337308.7030250176;-2999329.1344925542
3.846168923777883E34;4.266483207187333E15;1.4013867278017308E15;1185551.312784496;-3550657.710362824
3.1112483716055017E34;4.770896725568862E15;1.0503042827135244E15;637557.0110211615;-2834336.69549631
4.64707731451386E34;3.8189789116395105E15;1.380856404758505E15;1228997.1938524216;-3342651.0057795052
7.520283631565501E34;3.509918527642338E15;2.7203022419548185E15;1914884.1129174891;-2448694.111395061
4.364164240775809E34;4.2829857601814425E15;2.0751340145781644E14;158498.43066958588;-2952977.0423264387
5.953879870081541E33;3.850012423996388E15;1.4809806054977208E15;992565.8783891262;-2540278.474166184
3.998622519694154E34;2.69890294396116E15;9.017257973959799E14;1106876.3540463634;-3229824.087903306
5.894175088772008E34;2.734940537358578E15;1.591319900885129E15;2508124.30414268;-4246801.145785654
6.120693345682206E34;3.66596359504248E15;3.9310471218722894E14;349520.9634236211;-3082730.759771879
2.384878668817244E34;4.0323578123343585E15;1.6432262255708818E15;1173494.152699571;-2839231.2546594692
5.1231899035299835E34;2.8492880165798505E15;7.335080193283381E14;625111.3287474406;-2354462.494773344
9.082204427428763E34;3.2540431195829465E15;2.8641477803646985E15;1678835.8009895938;-1891024.11726684
9.998190300907752E32;5.48398617051374E15;7.154163369741329E14;931602.1948858779;-6922427.495346289
2.1923151288015574E34;2.8363723761768245E15;5.777782863770468E14;542747.5563047503;-2563143.8893054677
7.488300960644008E34;5.150677446781797E15;4.2519893813481945E15;1582813.25878019;-1906322.864828534
8.40266060529838E34;3.5170608662665615E15;5.653373966480546E14;1242268.2313533812;-7430053.946062476
8.1771390884099545E34;3.5640111151245625E15;8.797192650639451E14;626997.8318282757;-2475591.4377011447
2.668235323686237E34;4.568310514482888E15;2.2387029314939962E15;1326884.0800939857;-2679355.71093634
2.794145414362326E34;2.7688274460582805E15;9.072212697430599E14;1046717.9740305314;-3114972.9052775484
9.216282202724549E34;3.8283369268432725E15;3.038678272552352E15;1774387.063268813;-2217605.5514236945
3.8818036651588175E34;3.2965843599940635E15;2.160486980798042E15;2969198.214895142;-4480538.323721737
9.662725026447154E34;7.878274280448795E15;3.4048054743508505E15;908327.810517523;-2087365.1712712676
6.9959760184175425E34;4.1938867440799785E15;1.765023823828979E15;1476895.382467954;-3463266.330825003
3.927745616292279E34;3.172998910274561E15;1.9594320175358462E15;1727055.9796219;-2762844.8487409703
1.5752647094115708E33;4.396017946938071E15;2.2736139254576034E14;175624.09820710626;-3091371.317572319
6.628149314156714E34;5.45305284061504E15;4.1874647181616155E15;1902211.3210266093;-2462751.195255686
6.002428424252238E34;3.844429833243081E15;2.320889470427205E15;1959260.6694394224;-3212237.9477094845
6.894720150430875E34;5.311686849938585E15;4.4894900931510035E15;1681045.4313299765;-1978045.4754645715
1.2439680185451895E34;3.6569801114483475E15;2.8923283310673955E15;3301963.7465841454;-4139835.3668001746
7.028735894381786E34;4.1966499760594075E15;1.4265768523420822E15;781921.9894413559;-2263404.895201356
1.4401772870834235E34;2.9632742785376455E15;1.381187744429557E15;2967746.097431845;-6260292.6183501
